Portfolio_Volatility,Portfolio_Beta,Sector_Volatility,Sector_Beta,Diversification_Index,Market_Cap_Score,Portfolio_Downside_Volatility,Portfolio_Max_Drawdown,Portfolio_Amihud_Illiquidity,Portfolio_Debt_to_Equity,Portfolio_Current_Ratio,Portfolio_Interest_Coverage,Portfolio_ROA,Portfolio_Revenue_Growth_Vol,Risk_Score,Risk_Category
30.3,1.528,30.79,1.47,0.228,1.44,21.5275,0.3319,3.683e-05,2.8194,0.68,2.1902,0.0002,0.396,100.0,High Risk
37.97,1.44,28.91,1.27,0.095,1.02,25.0496,0.3288,6.742e-05,1.8885,0.9104,2.1206,-0.0324,0.3666,99.16,High Risk
11.48,0.582,5.83,0.79,0.721,2.56,4.3852,0.0776,4.46e-06,0.1265,2.0705,13.908,0.0801,0.0107,18.41,Low Risk
30.66,1.22,29.54,1.56,0.281,1.41,21.9689,0.2871,4.936e-05,3.2391,1.0903,2.3786,-0.0438,0.3238,95.84,High Risk
32.64,1.243,37.25,1.35,0.207,1.43,33.2407,0.3795,7.11e-05,2.3223,0.8448,0.8707,-0.0236,0.3985,97.16,High Risk
9.12,0.605,8.23,0.68,0.818,2.6,7.9847,0.039,4.96e-06,0.3682,2.1976,18.3433,0.1994,0.0285,15.42,Low Risk
12.28,0.643,14.97,0.78,0.578,2.62,9.6311,0.1259,0.00026728,0.4242,1.718,27.2358,0.0558,0.037,26.28,Low Risk
7.74,0.669,9.96,0.53,0.805,2.96,7.5736,0.0723,4.51e-06,0.4732,2.4997,13.7051,0.178,0.032,15.21,Low Risk
10.32,0.584,8.9,0.52,0.718,2.91,3.1977,0.0652,4.45e-06,0.1587,2.1308,11.0732,0.1457,0.0199,14.45,Low Risk
31.35,1.273,36.87,1.55,0.226,1.0,21.4716,0.318,3.122e-05,3.0711,0.581,1.5826,-0.0773,0.3831,98.63,High Risk
8.52,0.501,8.19,0.52,0.771,2.83,4.7909,0.0681,4.76e-06,0.158,3.2404,16.6389,0.1923,0.0274,7.17,Low Risk
5.88,0.702,8.04,0.69,0.732,2.56,3.8288,0.0245,2.23e-06,0.2608,2.2555,19.0299,0.1345,0.0165,15.11,Low Risk
8.6,0.768,7.8,0.62,0.708,2.76,3.3576,0.0277,3.1e-06,0.1074,3.3143,18.3538,0.1767,0.0212,21.81,Low Risk
14.04,0.879,15.61,0.81,0.676,2.29,11.6061,0.1882,0.00030745,0.5863,2.0766,27.9116,0.0491,0.172,41.56,Medium Risk
13.95,0.704,17.94,0.85,0.563,2.0,11.5434,0.1597,0.00046219,0.9667,1.2933,20.54,0.109,0.0382,34.13,Medium Risk
23.8,1.004,18.58,0.81,0.472,1.38,16.8108,0.312,0.00049021,0.6794,1.7049,7.9222,0.0403,0.102,64.65,Medium Risk
37.01,1.703,29.01,1.35,0.196,1.46,26.9112,0.3877,7.304e-05,3.7608,0.7928,1.4188,-0.0905,0.2188,99.6,High Risk
29.99,1.236,34.41,1.41,0.005,1.39,18.8577,0.4685,5.192e-05,2.4864,0.5153,1.0383,0.0191,0.2665,96.76,High Risk
38.43,1.414,37.81,1.54,0.083,1.23,20.5294,0.5052,4.899e-05,2.957,0.501,0.5501,-0.0467,0.1939,100.0,High Risk
10.27,0.577,6.56,0.78,0.708,2.68,6.1913,0.0438,4.09e-06,0.1577,2.6793,15.7333,0.0977,0.0372,16.4,Low Risk
37.06,1.252,30.89,1.26,0.085,1.44,32.9166,0.2555,5.845e-05,1.7636,0.8182,2.1044,-0.0411,0.2886,97.08,High Risk
36.59,1.484,37.31,1.47,0.28,1.48,18.9644,0.3009,7.209e-05,1.6465,0.6138,0.9236,0.0032,0.3641,100.0,High Risk
37.13,1.337,28.98,1.58,0.01,1.4,18.7154,0.4097,5.596e-05,3.0454,0.7243,1.1428,-0.0486,0.2755,99.59,High Risk
9.42,0.798,11.34,0.76,0.886,2.56,5.841,0.0522,2.99e-06,0.1866,2.2969,11.294,0.1814,0.0249,27.81,Low Risk
6.66,0.748,9.31,0.67,0.816,2.65,6.6944,0.051,4.12e-06,0.4109,2.6208,13.1312,0.1065,0.0101,18.96,Low Risk
10.62,0.728,6.42,0.68,0.894,2.75,6.5078,0.0583,1.8e-06,0.1776,3.9235,16.5956,0.1315,0.0133,23.23,Low Risk
11.6,0.741,8.78,0.68,0.776,2.93,7.104,0.0571,2.18e-06,0.3434,3.4212,13.0055,0.1531,0.0271,26.41,Low Risk
7.45,0.777,7.75,0.66,0.724,2.76,4.2355,0.0497,3.35e-06,0.3605,3.6856,16.9887,0.0822,0.0119,20.89,Low Risk
10.85,0.713,8.91,0.79,0.751,2.53,4.4396,0.0373,1.52e-06,0.4973,3.0651,9.3383,0.1712,0.0165,25.14,Low Risk
7.53,0.648,9.45,0.51,0.746,2.62,4.685,0.0598,3.58e-06,0.1414,2.1777,12.7763,0.1921,0.0276,13.28,Low Risk
21.02,1.131,20.12,0.99,0.677,2.5,16.0579,0.22,0.0002514,1.0679,1.9958,23.4479,0.0414,0.1043,69.35,High Risk
11.65,0.782,9.98,0.54,0.811,2.75,6.073,0.0275,1.9e-06,0.3151,2.2728,11.0183,0.1392,0.0104,27.27,Low Risk
11.64,0.768,6.92,0.69,0.854,2.79,7.9801,0.0447,4.56e-06,0.3471,2.1711,19.9199,0.1265,0.0196,27.13,Low Risk
10.12,0.528,16.95,0.73,0.76,1.93,10.2685,0.1651,0.00019629,1.1922,2.9334,56.2346,0.1044,0.1215,17.23,Low Risk
14.64,0.792,19.74,0.87,0.788,1.98,13.8737,0.2258,0.00023141,1.7828,4.0949,62.9599,0.0665,0.1066,40.57,Medium Risk
37.4,1.762,28.28,1.42,0.006,1.49,20.2432,0.4086,7.9e-05,2.5518,0.7931,1.4988,-0.0634,0.2498,99.31,High Risk
15.71,0.876,19.73,0.84,0.817,2.73,13.7513,0.208,0.00030184,0.6513,2.8171,37.6222,0.076,0.3247,46.1,Medium Risk
18.29,0.934,20.1,0.9,0.738,2.58,15.0542,0.221,0.00019065,2.2511,3.435,34.6247,0.0651,0.2953,53.96,Medium Risk
5.08,0.748,5.37,0.76,0.872,2.73,5.3187,0.0636,2.35e-06,0.1929,2.0947,15.3219,0.1336,0.0222,15.88,Low Risk
33.56,1.221,31.75,1.24,0.209,1.0,19.1994,0.505,4.567e-05,2.7292,0.638,1.6333,-0.0467,0.2794,95.29,High Risk
13.87,0.919,16.18,0.9,0.754,2.89,10.3508,0.1189,0.00023732,0.7429,1.6699,23.0685,0.0433,0.0257,44.6,Medium Risk
7.15,0.567,11.84,0.71,0.815,2.54,6.8926,0.0771,3.02e-06,0.2876,2.0655,18.9166,0.1269,0.0376,12.15,Low Risk
18.45,1.159,16.46,0.98,0.345,2.99,10.8055,0.1208,0.00014505,0.5919,1.7666,20.4518,0.0321,0.0191,65.03,Medium Risk
34.88,1.661,38.71,1.31,0.091,1.43,27.1139,0.5197,7.273e-05,1.7883,0.8508,1.5248,-0.0551,0.2262,100.0,High Risk
39.95,1.388,36.24,1.27,0.155,1.39,33.0677,0.3557,3.713e-05,3.2772,0.5254,0.8635,-0.0092,0.2565,99.68,High Risk
29.39,0.855,18.17,0.79,0.137,1.93,16.4295,0.2512,0.0004761,0.6454,2.0915,7.5402,0.0823,0.1237,65.68,Medium Risk
33.24,1.256,39.18,1.48,0.263,1.24,24.7761,0.406,4.496e-05,3.2712,0.8619,1.5228,-0.0486,0.223,97.78,High Risk
10.52,0.797,8.76,0.64,0.852,2.86,5.9912,0.0322,5e-06,0.3515,2.3482,10.1302,0.1193,0.0258,26.88,Low Risk
34.23,1.74,33.55,1.23,0.234,1.13,28.877,0.4141,3.975e-05,3.2083,0.5127,0.679,-0.0955,0.3074,99.08,High Risk
36.49,1.359,30.94,1.58,0.103,1.39,31.5027,0.2873,4.368e-05,3.5506,0.7673,2.0247,-0.0937,0.3134,100.0,High Risk
5.85,0.638,11.19,0.75,0.857,2.87,5.3667,0.0322,3.59e-06,0.2077,3.4023,10.2371,0.0878,0.01,13.91,Low Risk
10.51,0.513,14.21,0.63,0.656,1.8,9.4056,0.171,0.00022633,2.1231,2.8258,68.5202,0.0776,0.0729,14.79,Low Risk
35.43,1.522,35.72,1.42,0.22,1.33,20.089,0.4246,7.653e-05,2.9434,0.8428,1.2755,0.014,0.3311,100.0,High Risk
17.0,0.898,16.11,0.75,0.589,2.09,12.3666,0.2065,0.00030487,0.5149,1.5538,15.8913,0.0325,0.0475,46.65,Medium Risk
10.63,0.679,8.3,0.61,0.831,2.78,6.5015,0.0336,2.78e-06,0.1058,2.5156,15.3681,0.1619,0.019,20.61,Low Risk
11.93,0.733,7.27,0.69,0.863,2.77,4.6049,0.0526,3.01e-06,0.192,3.5654,13.6347,0.1222,0.0396,25.97,Low Risk
7.84,0.642,9.91,0.66,0.859,2.61,4.3951,0.0265,2.63e-06,0.1311,3.0145,14.9086,0.0875,0.0284,15.63,Low Risk
6.98,0.761,8.1,0.57,0.771,2.91,3.8716,0.0494,1.14e-06,0.2603,3.7305,8.8563,0.1145,0.0272,18.32,Low Risk
10.64,0.545,7.7,0.7,0.838,2.56,6.6116,0.0598,3.98e-06,0.3468,2.5508,15.5811,0.0921,0.0174,14.82,Low Risk
18.7,0.941,17.35,1.08,0.0,3.0,10.3819,0.1047,0.00043331,0.672,1.7995,20.0273,0.021,0.0152,56.22,Medium Risk
23.27,0.926,23.77,1.1,0.094,1.05,14.761,0.2331,0.00029108,3.9338,1.7776,88.774,0.0008,0.2863,65.51,Medium Risk
9.76,0.758,8.42,0.51,0.761,2.75,6.3217,0.0714,4.91e-06,0.1053,2.7113,14.809,0.157,0.0166,22.07,Low Risk
28.66,1.514,39.92,1.53,0.171,1.41,30.8204,0.3117,6.015e-05,1.539,0.7986,0.996,-0.0361,0.1613,97.85,High Risk
9.21,0.714,10.85,0.67,0.834,2.73,7.2311,0.0761,2.91e-06,0.4734,3.4933,10.9881,0.1936,0.0152,21.9,Low Risk
14.66,0.691,17.51,0.73,0.562,2.5,11.9267,0.1814,0.00023402,1.4558,1.3057,40.2597,0.1107,0.0533,32.84,Low Risk
15.28,0.958,16.53,0.9,0.744,2.29,10.8668,0.1486,0.00031314,2.4607,1.6778,24.2467,0.072,0.0528,48.95,Medium Risk
18.03,0.966,17.96,0.91,0.637,2.2,13.6234,0.2153,0.00030866,1.6596,1.2245,11.8036,0.0269,0.0424,54.5,Medium Risk
29.46,1.714,30.11,1.44,0.108,1.01,30.7482,0.2765,6.102e-05,2.2444,0.8426,0.5251,-0.0996,0.2729,99.13,High Risk
22.04,0.869,16.37,0.69,0.198,3.0,11.7091,0.1968,0.00022114,0.3086,1.7856,9.4509,0.0171,1.0202,52.57,Medium Risk
9.24,0.745,5.66,0.74,0.867,2.58,3.0762,0.0549,2.67e-06,0.2383,2.6454,8.204,0.1973,0.0219,22.34,Low Risk
11.38,0.73,5.56,0.75,0.776,2.86,5.9079,0.0483,1.27e-06,0.4446,3.8527,8.0359,0.1904,0.0394,25.07,Low Risk
7.89,0.78,5.38,0.63,0.78,2.95,3.4058,0.0465,2e-06,0.2584,3.0955,16.7207,0.1834,0.0128,20.42,Low Risk
9.31,0.723,9.38,0.66,0.795,2.77,4.802,0.0284,3.49e-06,0.3613,2.6611,12.1298,0.1395,0.0162,21.85,Low Risk
16.98,0.882,20.1,0.96,0.652,1.41,13.8471,0.2355,0.00029811,2.7556,1.7757,53.0984,0.0072,0.2487,50.02,Medium Risk
22.13,0.926,17.21,0.77,0.399,1.0,14.9124,0.3118,0.00040244,1.5846,2.0607,30.8266,0.0214,0.0754,56.96,Medium Risk
15.71,0.905,19.45,0.9,0.771,1.63,12.822,0.2431,0.00044946,0.9325,2.0198,16.24,0.0296,0.1356,48.15,Medium Risk
11.9,0.793,9.61,0.76,0.851,2.63,7.2039,0.0419,3.54e-06,0.1792,2.8932,11.9775,0.1697,0.014,30.76,Low Risk
32.64,1.785,39.14,1.6,0.084,1.19,19.0179,0.4038,6.079e-05,1.6345,0.9655,2.472,0.0058,0.2054,100.0,High Risk
36.4,1.366,29.32,1.41,0.26,1.31,31.6749,0.4645,7.982e-05,3.7025,1.0953,2.0556,-0.0123,0.3082,99.73,High Risk
6.38,0.525,8.67,0.62,0.822,2.87,5.6821,0.0255,2.66e-06,0.3856,2.0172,13.6591,0.1354,0.0298,6.46,Low Risk
6.12,0.722,9.8,0.68,0.702,2.59,3.1431,0.0624,1.64e-06,0.4283,3.137,16.2251,0.1978,0.0212,17.09,Low Risk
15.75,0.622,18.76,0.85,0.229,1.16,10.2534,0.1718,0.00011648,1.287,1.6349,19.4225,0.0651,0.1502,33.2,Medium Risk
6.99,0.513,6.27,0.78,0.738,2.51,3.4109,0.0493,3.15e-06,0.3027,3.0081,17.1529,0.1091,0.0111,7.82,Low Risk
5.39,0.604,7.02,0.63,0.745,2.6,7.7225,0.0415,2.25e-06,0.3618,2.0837,11.662,0.0814,0.025,8.23,Low Risk
10.1,0.714,8.4,0.75,0.887,2.65,4.3918,0.0576,2.31e-06,0.4488,3.1791,8.3509,0.1698,0.0125,23.3,Low Risk
36.98,1.611,34.24,1.35,0.133,1.31,27.4439,0.3939,5.534e-05,2.4977,0.5622,2.4686,-0.0905,0.3965,100.0,High Risk
6.82,0.728,6.49,0.66,0.704,2.88,3.8695,0.0449,1.12e-06,0.3243,3.4881,15.1965,0.0981,0.0152,16.87,Low Risk
6.61,0.768,8.44,0.8,0.891,2.54,3.7437,0.0703,3.07e-06,0.423,3.0378,13.9525,0.1821,0.031,21.07,Low Risk
13.73,0.799,18.4,0.93,0.693,1.72,11.5513,0.1805,0.00020484,1.1712,1.757,18.1563,0.0497,0.1093,39.65,Medium Risk
19.46,0.941,21.62,1.03,0.451,1.24,13.8411,0.2285,0.00033283,3.3078,2.0336,72.9301,0.0067,0.2376,58.47,Medium Risk
39.31,1.51,36.29,1.49,0.019,1.14,22.8321,0.3959,7.928e-05,3.8552,0.8408,0.7119,-0.0229,0.3686,100.0,High Risk
7.11,0.679,8.98,0.6,0.715,2.64,7.783,0.0328,3.97e-06,0.3242,3.4488,18.7509,0.1366,0.0305,15.2,Low Risk
8.58,0.592,7.0,0.67,0.884,2.94,6.4273,0.0489,3.11e-06,0.2467,2.6783,19.3756,0.1898,0.034,13.27,Low Risk
5.95,0.601,6.53,0.57,0.816,2.64,5.9622,0.0532,1.15e-06,0.3927,2.5569,18.8861,0.0838,0.0218,8.06,Low Risk
39.27,1.666,36.49,1.3,0.245,1.18,26.2352,0.4625,3.629e-05,3.2931,1.0464,1.1315,-0.0239,0.1892,100.0,High Risk
29.77,1.7,30.64,1.43,0.035,1.42,18.3777,0.327,5.532e-05,2.6547,0.6792,2.4457,-0.0825,0.2475,99.63,High Risk
20.45,0.871,17.87,0.74,0.343,2.57,12.4591,0.2129,0.0002164,1.068,1.8072,26.5767,0.0131,0.9597,51.37,Medium Risk
14.94,0.67,17.89,0.76,0.469,1.75,10.7205,0.1856,0.00013148,0.8775,1.658,13.7849,0.0498,0.5298,32.78,Low Risk
5.35,0.633,9.54,0.76,0.727,2.88,3.3533,0.0569,1.16e-06,0.2802,2.4594,19.6027,0.0944,0.0318,12.3,Low Risk
7.92,0.541,11.08,0.67,0.786,2.51,3.1662,0.0757,4.37e-06,0.2,3.41,8.8552,0.1176,0.0303,11.24,Low Risk
20.48,0.898,17.76,0.78,0.458,2.3,14.2378,0.2199,0.00012169,2.2606,0.8927,9.2677,0.0448,0.0459,53.31,Medium Risk
28.96,1.796,30.08,1.38,0.095,1.2,29.3963,0.3341,6.885e-05,3.8132,0.9387,2.1045,-0.0947,0.257,98.33,High Risk
29.18,1.362,37.94,1.54,0.209,1.24,30.1942,0.5102,7.947e-05,1.6761,0.6648,1.9543,-0.0898,0.2997,98.68,High Risk
36.42,1.509,28.79,1.37,0.069,1.31,34.215,0.4029,4.234e-05,3.4139,0.9134,0.9823,-0.0904,0.2214,99.52,High Risk
13.74,0.741,16.16,0.76,0.753,1.4,11.8954,0.2219,0.00037255,2.3381,2.2009,40.7241,0.059,0.059,33.75,Medium Risk
11.48,0.646,15.49,0.75,0.611,2.44,8.8856,0.1064,0.00018607,0.6325,1.6442,20.7019,0.0533,0.0551,25.02,Low Risk
9.21,0.724,7.31,0.63,0.841,2.95,3.5858,0.0634,3.25e-06,0.4965,3.029,15.6737,0.0897,0.0395,20.49,Low Risk
17.67,1.135,18.42,0.98,0.628,2.54,12.9674,0.1807,0.00034426,0.6366,1.7882,16.8488,0.046,0.0684,63.45,Medium Risk
31.69,1.71,29.19,1.31,0.267,1.08,19.4136,0.2529,6.313e-05,2.1981,1.0357,0.7823,-0.029,0.3549,99.68,High Risk
17.42,0.718,16.21,0.72,0.659,1.64,13.4646,0.2306,0.00025751,2.4497,2.2992,36.8998,0.0614,0.0767,38.04,Medium Risk
17.26,0.902,18.33,1.02,0.606,2.24,14.1092,0.2106,0.00038476,0.6344,1.8434,16.2991,0.0377,0.077,51.57,Medium Risk
36.48,1.657,32.94,1.47,0.291,1.36,23.5976,0.4484,5.196e-05,2.82,1.0308,1.3208,-0.0539,0.3347,100.0,High Risk
30.14,1.644,38.51,1.35,0.136,1.24,20.5064,0.2995,4.53e-05,2.6038,0.6182,1.5928,0.0182,0.3626,100.0,High Risk
21.66,0.844,17.2,0.75,0.344,1.9,13.8796,0.2434,0.00012389,3.8011,0.8344,13.4942,0.0539,0.0625,51.89,Medium Risk
38.12,1.229,31.8,1.37,0.075,1.39,24.9615,0.3344,3.907e-05,3.9007,0.9119,2.1533,-0.0298,0.167,96.44,High Risk
10.82,0.507,9.25,0.52,0.709,2.53,7.8484,0.0474,4.72e-06,0.3902,3.6084,8.0708,0.1757,0.0398,11.65,Low Risk
17.09,0.605,18.11,0.79,0.0,2.0,10.0939,0.1122,0.00058247,0.4448,1.32,25.258,0.1639,0.0241,33.44,Medium Risk
7.72,0.782,8.35,0.65,0.75,2.83,6.9765,0.042,3.47e-06,0.1288,3.3037,17.8895,0.108,0.0365,21.61,Low Risk
18.42,1.046,20.91,1.02,0.675,1.99,13.5671,0.2407,0.00055743,1.4044,1.8345,32.7274,0.004,0.1552,61.59,Medium Risk
29.59,1.562,30.81,1.34,0.048,1.31,23.8219,0.3984,4.101e-05,2.9055,0.6756,2.4741,-0.0059,0.3262,99.34,High Risk
21.49,1.083,22.4,1.01,0.637,2.35,16.6311,0.2333,0.00024943,1.5956,1.7679,36.498,0.0284,0.3821,68.89,High Risk
32.3,1.488,31.63,1.58,0.113,1.44,20.7524,0.2678,6.841e-05,1.9794,0.9018,0.8968,-0.0536,0.1638,100.0,High Risk
19.18,0.726,15.89,0.7,0.491,2.43,12.634,0.1689,0.00033109,0.4864,1.9171,14.1201,0.0744,0.0779,40.84,Medium Risk
18.35,0.697,14.04,0.65,0.213,1.24,12.6315,0.2926,0.00035951,0.4893,3.3342,17.818,0.0044,0.404,36.75,Medium Risk
6.99,0.661,10.24,0.67,0.895,2.54,6.0857,0.0616,4.33e-06,0.3135,3.7003,11.0574,0.1627,0.0308,15.48,Low Risk
12.62,0.66,16.0,0.72,0.744,1.61,11.6975,0.2188,0.00014061,4.511,3.1756,53.1909,0.0639,0.0863,27.4,Low Risk
32.3,1.607,34.89,1.41,0.084,1.45,31.9318,0.2994,4.169e-05,3.4343,0.9519,1.3557,-0.0144,0.251,100.0,High Risk
7.71,0.668,9.82,0.6,0.843,2.8,6.4811,0.0266,3.01e-06,0.2452,2.4525,9.7501,0.1071,0.0151,15.9,Low Risk
17.52,1.046,19.16,0.96,0.766,1.67,14.2475,0.2448,0.00037872,1.6338,1.7976,34.8111,0.0123,0.1862,58.7,Medium Risk
31.07,0.835,18.11,0.79,0.0,2.0,16.3777,0.243,0.00047419,0.6408,2.144,7.4883,0.088,0.1267,65.59,Medium Risk
34.59,1.433,36.26,1.46,0.079,1.49,26.6599,0.3238,2.424e-05,3.5259,0.8776,1.405,0.0037,0.2943,100.0,High Risk
8.26,0.646,11.04,0.62,0.792,2.71,3.7524,0.0485,1e-06,0.4661,3.0957,12.4476,0.1835,0.0194,16.48,Low Risk
39.04,1.627,33.42,1.28,0.026,1.33,27.1166,0.2535,4.62e-05,1.973,0.8911,1.209,-0.077,0.3124,99.71,High Risk
11.06,0.586,17.25,0.78,0.73,1.55,10.1255,0.1696,0.00022945,2.3073,1.6588,28.3966,0.093,0.1429,22.38,Low Risk
15.8,0.896,15.46,0.77,0.693,1.76,12.7936,0.2457,0.00023168,1.8695,1.7867,11.9109,0.0197,0.2051,44.66,Medium Risk
37.42,1.662,38.45,1.55,0.08,1.05,18.8439,0.4691,6.816e-05,3.4638,0.9166,0.8054,-0.0595,0.2599,100.0,High Risk
30.17,1.408,34.65,1.54,0.121,1.18,23.3499,0.3084,6.186e-05,2.5799,0.6861,1.8501,-0.0548,0.286,100.0,High Risk
12.32,0.79,16.3,0.81,0.707,2.8,10.1829,0.1112,0.00023502,0.7024,2.2463,32.4044,0.055,0.0459,34.67,Medium Risk
9.64,0.626,7.22,0.59,0.74,2.98,3.3808,0.0602,4.73e-06,0.3144,2.972,12.1763,0.1467,0.03,15.74,Low Risk
39.17,1.582,36.4,1.37,0.291,1.27,18.8345,0.3809,5.322e-05,2.9693,0.9296,2.1748,-0.0273,0.2746,100.0,High Risk
15.04,0.785,17.22,0.82,0.725,2.36,12.4152,0.1946,0.00038323,0.4732,1.7526,14.7767,0.0575,0.4582,39.17,Medium Risk
17.55,0.878,19.13,0.84,0.693,1.61,14.7631,0.2672,0.00034372,1.1594,2.8869,30.8563,0.058,0.1037,48.84,Medium Risk
9.72,0.667,10.92,0.53,0.888,2.61,5.4732,0.0312,1.57e-06,0.3001,2.4573,16.7573,0.1717,0.0367,18.69,Low Risk
30.36,0.829,18.13,0.79,0.046,1.98,16.2265,0.2413,0.00046513,0.6553,2.1307,7.7193,0.0875,0.1274,65.31,Medium Risk
11.45,0.591,11.75,0.52,0.845,2.72,6.5666,0.0613,4.75e-06,0.2584,2.9923,14.2735,0.1632,0.02,17.8,Low Risk
10.78,0.799,8.04,0.59,0.867,2.77,7.2334,0.054,2.63e-06,0.1889,3.1574,15.8664,0.0815,0.0296,26.6,Low Risk
29.35,1.232,30.17,1.34,0.078,1.09,31.7469,0.3843,3.791e-05,3.6046,0.995,0.5169,-0.0118,0.3669,95.58,High Risk
11.31,0.623,7.49,0.54,0.81,2.9,5.05,0.0294,2.7e-06,0.4857,3.3128,11.7604,0.1683,0.0164,17.72,Low Risk
8.3,0.685,8.9,0.58,0.775,2.66,3.0994,0.0541,3.51e-06,0.4699,2.3049,15.4723,0.0976,0.0128,17.16,Low Risk
39.67,1.715,28.5,1.27,0.042,1.09,26.6442,0.4857,3.753e-05,1.7365,0.9406,1.2036,-0.0195,0.2292,99.0,High Risk
8.08,0.741,10.49,0.65,0.788,2.72,4.3643,0.0775,4.19e-06,0.1455,3.4022,18.9931,0.1305,0.0373,21.0,Low Risk
15.19,0.595,18.35,0.81,0.295,1.09,10.6401,0.1898,0.00011927,1.307,1.6785,16.4101,0.0614,0.1749,30.28,Low Risk
5.08,0.505,11.36,0.63,0.755,2.91,6.0021,0.0449,2.54e-06,0.1889,3.8972,8.2874,0.1343,0.0345,4.6,Low Risk
9.21,0.555,11.39,0.73,0.897,2.5,6.1164,0.0471,4.11e-06,0.1929,3.1773,14.0931,0.1289,0.0399,14.92,Low Risk
31.31,1.694,35.12,1.23,0.297,1.38,21.548,0.2866,7.458e-05,2.204,1.0263,0.9279,-0.0988,0.358,99.09,High Risk
5.02,0.757,7.91,0.79,0.868,2.5,4.2011,0.0229,2.53e-06,0.182,2.6668,18.7935,0.1309,0.0348,17.71,Low Risk
16.72,0.939,17.55,1.08,0.66,2.55,11.8769,0.1597,0.00038947,0.6837,2.0369,22.616,0.0232,0.0458,52.99,Medium Risk
8.81,0.787,7.04,0.64,0.866,2.88,6.7626,0.0796,3.88e-06,0.4139,3.0623,9.7826,0.1375,0.0193,23.01,Low Risk
13.61,0.826,15.23,0.78,0.71,1.83,11.31,0.1919,0.00024785,1.9137,2.4692,46.2903,0.0351,0.0446,37.66,Medium Risk
28.12,1.303,30.88,1.54,0.207,1.27,27.9622,0.3472,5.004e-05,1.5775,0.9517,1.6258,-0.0472,0.3039,97.0,High Risk
5.17,0.641,9.32,0.66,0.721,2.55,7.5597,0.0389,2.9e-06,0.4896,2.4839,19.63,0.1039,0.0304,11.08,Low Risk
9.31,0.568,11.47,0.56,0.809,2.77,4.0215,0.0211,2.69e-06,0.2583,3.4121,13.4006,0.1562,0.0378,13.6,Low Risk
34.23,1.52,37.3,1.23,0.114,1.05,22.2232,0.2867,2.755e-05,3.7153,0.821,1.8818,-0.0872,0.2493,99.12,High Risk
5.76,0.576,6.36,0.55,0.802,2.78,4.6369,0.0434,3.13e-06,0.3447,2.2357,13.6592,0.1673,0.0315,6.15,Low Risk
14.74,0.904,17.29,0.85,0.782,2.12,12.5229,0.2269,0.00032634,0.9369,3.1005,30.437,0.0379,0.2037,45.01,Medium Risk
13.18,0.549,13.95,0.65,0.337,1.21,10.4673,0.2112,0.00013476,3.7287,3.0407,72.3425,0.047,0.0457,20.93,Low Risk
12.58,0.84,18.18,0.89,0.796,2.61,11.1486,0.144,0.00020543,0.6678,2.6742,45.0108,0.0898,0.0674,39.31,Medium Risk
21.55,1.033,22.81,1.06,0.587,1.77,16.2603,0.2378,0.00026757,3.1217,1.7952,53.8521,0.0281,0.2049,67.22,High Risk
33.72,1.264,30.15,1.54,0.015,1.48,32.0092,0.5062,2.476e-05,2.5018,0.687,0.6762,0.0069,0.2532,98.21,High Risk
32.56,1.73,37.73,1.52,0.247,1.06,24.8461,0.3174,4.237e-05,1.8068,0.9045,2.2955,-0.0872,0.1738,100.0,High Risk
6.56,0.568,7.06,0.58,0.799,2.84,4.4024,0.032,3.47e-06,0.2046,2.5222,9.3324,0.1989,0.0295,7.67,Low Risk
35.2,1.503,39.43,1.53,0.237,1.19,33.4617,0.4599,3.257e-05,2.7559,0.8026,1.2504,0.0098,0.3308,100.0,High Risk
19.62,0.975,21.02,0.98,0.612,1.15,14.9892,0.2677,0.00037531,2.4768,1.7605,53.7734,0.0048,0.2163,59.57,Medium Risk
9.01,0.762,10.63,0.65,0.812,2.81,4.5843,0.0743,4.19e-06,0.3522,3.7707,9.2532,0.122,0.0252,23.66,Low Risk
39.31,1.629,39.53,1.22,0.195,1.43,23.5342,0.4043,3.881e-05,2.6288,0.7152,1.7146,-0.0144,0.2915,98.97,High Risk
37.71,1.535,35.58,1.48,0.282,1.42,34.5586,0.4359,4.687e-05,2.1235,0.7288,1.7212,-0.0431,0.3112,100.0,High Risk
24.04,0.86,16.25,0.64,0.0,3.0,11.8751,0.208,0.0001943,0.2595,1.781,8.1158,0.0166,1.1458,54.67,Medium Risk
14.91,0.728,16.76,0.85,0.732,1.79,12.5187,0.2057,0.00042316,2.3268,1.8189,20.0161,0.0749,0.0934,36.36,Medium Risk
36.77,1.29,36.57,1.29,0.189,1.12,32.5953,0.3378,4.993e-05,1.8363,0.8779,0.5119,-0.0043,0.2189,99.34,High Risk
35.6,1.625,38.09,1.29,0.28,1.17,30.1407,0.2927,4.346e-05,3.6042,0.963,2.1649,-0.0785,0.1525,99.86,High Risk
11.78,0.694,11.95,0.53,0.709,2.8,4.1104,0.0322,3.45e-06,0.2645,3.5054,13.6931,0.1352,0.019,23.78,Low Risk
31.18,1.616,30.75,1.34,0.196,1.31,23.311,0.3784,5.11e-05,1.818,0.8062,2.2025,-0.0712,0.2388,100.0,High Risk
13.69,0.697,15.43,0.71,0.745,1.31,12.0506,0.2412,0.00022673,3.0039,2.4062,46.4147,0.0312,0.1395,30.5,Low Risk
39.49,1.296,30.74,1.52,0.099,1.18,27.0851,0.2881,6.977e-05,3.7835,0.8275,1.0203,0.0002,0.3512,99.79,High Risk
21.15,1.25,18.48,1.05,0.448,2.89,13.7904,0.1638,0.00028346,0.7333,1.8568,18.0289,0.0294,0.0487,75.67,High Risk
12.98,0.709,15.35,0.69,0.754,1.61,11.2835,0.2318,0.00027086,4.5319,2.9295,34.262,0.0567,0.2434,29.75,Low Risk
16.24,0.886,19.81,1.04,0.701,1.75,14.0126,0.2239,0.00033317,2.6817,1.7987,40.9904,0.0266,0.149,49.9,Medium Risk
8.06,0.769,7.42,0.52,0.834,2.52,5.5787,0.0257,3.44e-06,0.1657,3.1624,14.1943,0.145,0.0125,19.59,Low Risk
7.77,0.628,11.81,0.53,0.883,2.85,3.3144,0.0326,1.64e-06,0.2091,2.0739,14.7746,0.1988,0.034,13.92,Low Risk
15.59,0.683,18.34,0.8,0.565,1.55,12.4129,0.2004,0.00023564,0.9375,1.7979,12.9074,0.0707,0.2489,35.14,Medium Risk
35.98,1.414,35.77,1.3,0.156,1.31,30.521,0.3354,4.467e-05,2.2606,0.6636,2.4148,-0.0808,0.3479,100.0,High Risk
11.55,0.799,10.77,0.78,0.774,2.89,5.0918,0.037,2.79e-06,0.2214,3.9532,8.2251,0.1088,0.0291,31.28,Low Risk
14.44,0.863,15.74,0.87,0.731,1.94,11.2211,0.2073,0.0004783,1.3976,2.385,21.227,0.0218,0.1068,42.2,Medium Risk
15.04,0.714,17.97,0.8,0.702,2.0,12.9519,0.2144,0.00011718,2.982,4.0513,58.1088,0.0672,0.076,35.69,Medium Risk
17.66,0.691,15.09,0.68,0.49,1.43,12.3175,0.2345,0.00031967,5.3665,1.9579,21.8996,0.082,0.1385,36.14,Medium Risk
30.32,1.364,29.1,1.47,0.28,1.09,33.5107,0.3536,6.401e-05,3.7437,0.6819,1.2373,-0.0451,0.161,99.64,High Risk
5.49,0.552,10.67,0.56,0.892,2.96,5.6434,0.0301,1.72e-06,0.3588,3.4608,19.0747,0.1079,0.0301,6.37,Low Risk
8.13,0.558,6.34,0.56,0.888,2.99,5.8862,0.0459,2.48e-06,0.4685,3.8762,8.5892,0.1495,0.0179,9.23,Low Risk
28.3,1.48,32.94,1.57,0.112,1.41,26.1575,0.3828,7.789e-05,3.6666,0.9695,1.7314,-0.0185,0.2469,97.28,High Risk
18.97,0.967,21.3,0.99,0.69,2.65,13.823,0.2151,0.00038595,0.6528,4.4602,44.4959,0.0481,0.1209,58.38,Medium Risk
10.6,0.54,6.94,0.64,0.712,2.58,7.2439,0.0402,1.16e-06,0.4509,3.7675,11.1145,0.1127,0.0331,13.48,Low Risk
15.57,0.751,16.13,0.7,0.781,1.94,12.8375,0.2248,0.00026028,2.4603,2.1365,28.066,0.0535,0.3739,36.41,Medium Risk
13.24,0.821,17.27,0.81,0.77,2.44,11.2123,0.1614,0.00033297,1.0646,1.4765,23.1623,0.0423,0.0722,38.03,Medium Risk
10.77,0.538,17.27,0.73,0.637,2.49,9.5948,0.1117,0.00036431,0.6424,1.6879,55.9377,0.1507,0.0561,18.85,Low Risk
35.18,1.495,34.36,1.27,0.294,1.38,27.2987,0.3984,5.608e-05,2.2393,1.0754,0.5263,-0.0346,0.3137,99.59,High Risk
17.29,0.928,21.15,1.0,0.677,1.27,13.6568,0.2255,0.00026666,2.3876,1.711,52.4276,0.0199,0.195,53.79,Medium Risk
28.9,1.391,39.32,1.6,0.166,1.04,24.1603,0.3637,2.263e-05,2.3764,0.9857,1.9474,-0.0159,0.2865,98.24,High Risk
8.84,0.592,8.81,0.57,0.702,2.75,7.482,0.068,1.64e-06,0.1548,2.6284,12.1288,0.0958,0.0257,13.15,Low Risk
14.74,0.855,17.89,0.83,0.807,1.84,12.4674,0.2388,0.00054846,1.1498,1.9041,20.8693,0.05,0.1079,42.63,Medium Risk
17.94,0.755,17.38,0.74,0.486,2.31,12.918,0.2043,0.00016617,2.0528,1.0721,28.2173,0.0859,0.0546,41.4,Medium Risk
36.29,1.654,28.25,1.37,0.097,1.48,33.6297,0.5131,4.396e-05,3.5428,0.6777,2.0516,-0.0451,0.2238,99.3,High Risk
13.66,0.655,18.56,0.83,0.628,1.16,11.5812,0.2001,0.00019969,2.6721,1.744,28.4062,0.0641,0.1715,31.15,Low Risk
10.59,0.692,8.74,0.66,0.813,2.57,5.9493,0.0372,2.81e-06,0.1721,2.7512,9.6951,0.1581,0.0158,22.01,Low Risk
12.96,0.651,17.05,0.74,0.514,2.97,10.3697,0.1266,0.00025183,0.3361,1.8875,55.5423,0.137,0.1456,28.07,Low Risk
30.39,1.688,28.59,1.53,0.151,1.18,29.5165,0.2519,2.142e-05,2.5741,0.94,2.3933,0.0045,0.2183,99.44,High Risk
16.43,1.034,18.38,1.05,0.753,2.49,13.0881,0.1859,0.0003053,0.726,2.791,30.0472,0.0334,0.06,57.16,Medium Risk
36.73,1.785,38.3,1.51,0.167,1.24,34.4033,0.3118,7.276e-05,2.581,0.8654,1.6727,-0.0515,0.2569,100.0,High Risk
5.89,0.707,7.99,0.79,0.804,2.68,6.3874,0.0495,3.66e-06,0.3876,3.8587,13.712,0.1624,0.0103,16.64,Low Risk
34.54,1.511,37.98,1.32,0.184,1.07,21.018,0.3217,2.785e-05,1.784,0.7738,2.2904,0.0057,0.1736,100.0,High Risk
29.99,1.369,39.87,1.38,0.196,1.25,23.1987,0.4326,4.725e-05,2.5942,1.083,1.5842,0.01,0.2034,99.98,High Risk
19.26,1.182,16.86,1.03,0.594,2.7,12.0985,0.1569,0.00028162,0.6455,1.8958,18.7792,0.0184,0.0756,68.33,High Risk
10.78,0.79,5.99,0.8,0.771,2.97,5.4416,0.0585,1.29e-06,0.2339,3.2982,11.4914,0.1216,0.0209,27.84,Low Risk
15.03,0.974,17.14,0.91,0.798,2.3,12.4084,0.1772,0.00029504,1.0536,2.3889,30.8228,0.0484,0.098,49.72,Medium Risk
20.93,1.039,19.32,0.81,0.657,2.36,14.1228,0.2708,0.00043348,0.7741,1.4611,5.8886,0.0096,0.5361,62.09,Medium Risk
13.87,0.717,18.04,0.95,0.638,1.86,11.6094,0.1948,0.00035542,0.7885,1.7372,25.1483,0.0518,0.0991,35.89,Medium Risk
15.39,0.82,16.24,0.72,0.653,1.88,11.9878,0.2371,0.00027722,4.6116,1.7632,19.9889,0.0481,0.4118,39.87,Medium Risk
17.63,0.81,16.66,0.83,0.643,2.55,12.4436,0.1589,0.00038375,0.5672,1.9116,15.0679,0.0593,0.0648,44.56,Medium Risk
17.43,1.112,16.88,0.92,0.61,2.05,12.6315,0.2131,0.00025344,2.3138,1.7011,19.2362,0.0314,0.0633,60.48,Medium Risk
34.64,1.62,37.32,1.56,0.086,1.43,21.6322,0.2779,5.112e-05,3.1505,1.0494,0.7637,-0.0312,0.2244,100.0,High Risk
7.5,0.679,10.55,0.57,0.714,2.8,4.7073,0.0382,4.74e-06,0.1253,2.6854,12.841,0.0975,0.0112,16.01,Low Risk
7.74,0.657,9.47,0.56,0.9,2.82,6.5933,0.0295,4.65e-06,0.2974,2.5722,8.1987,0.0958,0.0101,14.81,Low Risk
13.6,0.881,16.08,0.83,0.76,2.02,11.6431,0.1987,0.0002518,0.6065,2.0948,21.7375,0.0393,0.193,41.37,Medium Risk
23.88,1.295,17.35,1.08,0.0,3.0,12.2469,0.1329,0.00027858,0.672,1.7995,20.0273,0.0212,0.031,82.2,High Risk
10.7,0.743,6.92,0.58,0.765,2.82,4.7808,0.0275,1.66e-06,0.1626,2.4399,15.2943,0.1168,0.0373,23.07,Low Risk
28.14,1.621,29.4,1.54,0.126,1.27,26.7927,0.2889,7.311e-05,1.5716,0.7587,1.055,-0.0387,0.3464,96.78,High Risk
28.21,1.656,39.57,1.2,0.297,1.29,24.3211,0.4295,2.012e-05,3.0613,0.7259,0.5697,-0.0785,0.1505,95.92,High Risk
10.97,0.503,9.43,0.52,0.853,2.96,3.1264,0.0631,1.98e-06,0.4343,2.0112,19.5857,0.1094,0.0103,11.69,Low Risk
29.75,1.396,37.0,1.39,0.165,1.31,31.7658,0.3157,5.647e-05,2.0949,0.9676,0.8783,0.004,0.355,99.59,High Risk
29.83,1.542,35.0,1.41,0.063,1.28,27.1092,0.3284,3.902e-05,2.2444,0.8198,1.6549,-0.0011,0.3198,99.73,High Risk
38.76,1.618,28.58,1.57,0.106,1.08,22.5526,0.4763,6.862e-05,3.9616,0.5269,1.68,-0.0676,0.2562,99.43,High Risk
34.31,1.761,35.22,1.44,0.231,1.41,24.3541,0.3182,4.133e-05,3.9593,0.7461,1.801,-0.0686,0.3211,100.0,High Risk
30.39,1.511,38.06,1.46,0.225,1.34,33.9416,0.2947,4.622e-05,3.8852,0.7803,0.7436,-0.0208,0.2997,100.0,High Risk
14.7,0.775,16.28,0.75,0.687,1.62,12.6472,0.2392,0.00018357,5.0402,1.735,24.8604,0.0576,0.0966,36.95,Medium Risk
7.86,0.779,9.46,0.59,0.731,2.6,4.1162,0.039,4.79e-06,0.1601,3.109,12.5809,0.164,0.0317,21.41,Low Risk
8.58,0.786,10.26,0.55,0.883,2.76,7.6657,0.0626,4.25e-06,0.4191,2.8482,13.7456,0.11,0.029,22.69,Low Risk
32.42,1.536,33.52,1.32,0.151,1.13,34.6079,0.5045,2.308e-05,1.6555,0.9035,1.6335,-0.0424,0.1793,100.0,High Risk
31.63,1.699,32.04,1.59,0.267,1.49,34.517,0.3135,3.973e-05,3.3322,0.6807,0.8666,-0.0988,0.2348,100.0,High Risk
36.04,1.686,30.98,1.24,0.1,1.3,21.6007,0.429,4.512e-05,3.8812,0.6116,2.459,0.0155,0.3859,99.3,High Risk
23.25,0.834,17.33,0.73,0.482,2.36,14.6231,0.2257,0.00037245,0.5055,2.0087,8.233,0.0639,0.4504,53.73,Medium Risk
9.81,0.595,8.38,0.69,0.803,2.73,4.9268,0.0768,2.34e-06,0.3929,2.4513,11.0581,0.1497,0.016,16.18,Low Risk
36.24,1.316,29.64,1.6,0.141,1.02,33.8805,0.4219,4.83e-05,2.1433,0.7275,0.9806,-0.0637,0.3617,99.86,High Risk
38.62,1.775,32.79,1.31,0.163,1.38,31.0039,0.5057,2.447e-05,1.9435,0.7355,2.0398,-0.0539,0.3718,100.0,High Risk
39.6,1.552,29.31,1.44,0.232,1.23,24.4658,0.4708,5.655e-05,1.9178,1.0571,1.5457,-0.0038,0.2367,99.72,High Risk
22.31,0.816,22.14,0.97,0.374,2.7,14.3262,0.2107,0.00024046,1.0026,6.9042,72.852,0.0831,0.1268,56.23,Medium Risk
5.15,0.776,6.61,0.66,0.714,2.87,7.6384,0.0652,1.51e-06,0.4786,3.5319,9.466,0.0985,0.0284,16.67,Low Risk
36.71,1.473,33.11,1.27,0.085,1.47,19.5719,0.4143,6.815e-05,2.5301,1.0819,1.5077,-0.0758,0.2978,99.57,High Risk
13.54,0.674,14.04,0.7,0.696,1.52,11.5866,0.2384,0.00031637,1.063,2.494,25.2676,0.0179,0.2394,28.47,Low Risk
11.68,0.597,5.97,0.63,0.869,2.74,3.8297,0.0212,4.72e-06,0.2054,2.7763,12.541,0.1725,0.0222,17.52,Low Risk
37.83,1.368,28.92,1.53,0.27,1.3,30.4499,0.5386,7.758e-05,3.8565,1.0102,1.8498,-0.0871,0.1594,99.57,High Risk
8.14,0.72,11.39,0.68,0.799,2.72,4.1819,0.0731,3.86e-06,0.1336,3.0485,19.696,0.1874,0.0291,20.87,Low Risk
24.17,1.288,22.71,1.07,0.586,2.7,17.6205,0.2556,0.00041936,0.4672,1.6728,9.0941,0.0294,0.1133,84.34,High Risk
16.91,0.555,18.87,0.83,0.0,1.0,10.0262,0.1722,9.371e-05,1.2492,1.584,17.1936,0.0698,0.1594,31.5,Low Risk
28.56,1.483,28.96,1.57,0.052,1.07,24.8796,0.41,6.68e-05,2.4423,0.6809,0.9386,-0.0821,0.3734,97.28,High Risk
37.02,1.57,37.42,1.41,0.276,1.14,21.1032,0.401,2.539e-05,1.5607,0.8282,1.3591,-0.0611,0.3329,100.0,High Risk
5.33,0.577,10.72,0.73,0.714,2.81,5.6266,0.0799,2.43e-06,0.4227,3.3332,18.3982,0.1645,0.0227,9.51,Low Risk
23.45,0.778,17.27,0.76,0.447,1.71,14.9719,0.2464,0.00041745,0.6703,2.1793,8.7183,0.069,0.1858,51.59,Medium Risk
5.65,0.505,8.31,0.79,0.713,2.53,4.4632,0.0461,2.51e-06,0.3758,3.5634,12.232,0.1755,0.0176,6.17,Low Risk
11.66,0.627,17.35,0.78,0.743,1.47,11.0771,0.1775,0.00034754,2.6609,2.2915,61.4988,0.0853,0.1005,25.48,Low Risk
25.68,0.74,22.92,1.0,0.0,3.0,14.4599,0.1818,9.576e-05,0.994,8.307,90.978,0.1069,0.1153,58.51,Medium Risk
13.87,0.797,17.8,0.86,0.776,2.47,12.2683,0.1859,0.00026235,0.7349,4.1296,50.1069,0.0716,0.147,38.68,Medium Risk
28.61,1.258,31.52,1.31,0.275,1.17,31.7494,0.3219,7.51e-05,2.8913,0.7149,1.282,-0.0546,0.1832,95.68,High Risk
29.57,1.301,38.22,1.43,0.143,1.18,19.0718,0.3973,2.981e-05,2.2968,0.8462,0.7265,-0.0582,0.3186,99.31,High Risk
35.14,1.743,31.81,1.33,0.259,1.1,33.1795,0.4292,2.029e-05,1.7736,1.0379,1.7416,-0.0773,0.176,100.0,High Risk
29.56,1.627,39.03,1.25,0.018,1.28,21.171,0.4696,3.566e-05,3.4285,0.8519,1.6946,-0.0815,0.1591,98.66,High Risk
16.44,0.869,19.06,0.92,0.721,2.51,13.7788,0.1872,0.00024793,1.1456,4.5043,50.743,0.0736,0.089,47.6,Medium Risk
17.21,0.836,19.24,0.88,0.66,2.18,14.4626,0.2112,0.00018482,1.9409,3.7478,57.2959,0.0656,0.076,46.81,Medium Risk
5.99,0.513,10.77,0.55,0.707,2.62,5.9661,0.079,3.3e-06,0.1896,3.2516,19.5874,0.1628,0.0247,5.17,Low Risk
7.56,0.698,9.67,0.72,0.79,2.68,5.463,0.0367,4.72e-06,0.3665,2.0782,17.4079,0.1629,0.0165,18.58,Low Risk
11.44,0.618,15.7,0.7,0.643,2.61,9.6888,0.1224,0.00018413,1.6079,3.1609,41.0434,0.0812,0.0548,23.0,Low Risk
16.18,0.85,17.63,0.93,0.743,2.12,13.1377,0.1935,0.00037819,0.6746,1.8577,16.1033,0.0586,0.0815,45.8,Medium Risk
16.01,0.903,15.16,0.79,0.527,1.6,11.3503,0.2231,0.00046343,2.0955,2.6997,29.936,0.023,0.1063,45.5,Medium Risk
8.91,0.524,8.55,0.79,0.854,2.63,3.6485,0.0386,1.64e-06,0.1464,2.8161,14.9906,0.1727,0.0365,12.49,Low Risk
35.97,1.326,30.19,1.21,0.271,1.04,21.9609,0.3523,4.544e-05,3.6901,0.9315,1.069,-0.0451,0.2696,98.85,High Risk
28.19,1.456,37.12,1.27,0.249,1.32,19.2988,0.532,5.051e-05,2.7806,0.9284,1.6911,-0.051,0.1962,96.79,High Risk
11.71,0.71,7.54,0.51,0.785,2.5,7.9351,0.0596,2.61e-06,0.4888,3.9981,14.2248,0.1386,0.0295,22.37,Low Risk
33.64,1.27,33.84,1.48,0.023,1.13,32.9653,0.4417,4.712e-05,3.5327,0.832,1.9091,-0.0912,0.2959,98.5,High Risk
37.21,1.357,29.94,1.26,0.082,1.19,33.9576,0.5077,2.997e-05,3.6015,0.7798,1.485,-0.0959,0.1536,99.44,High Risk
6.79,0.581,7.82,0.7,0.865,2.67,7.6904,0.0397,2e-06,0.3747,2.3095,13.4752,0.1135,0.0132,10.52,Low Risk
16.33,0.913,19.24,0.97,0.731,2.13,13.5468,0.1925,0.00034323,1.9253,1.632,31.9385,0.0328,0.1108,50.39,Medium Risk
31.07,0.835,18.11,0.79,0.0,2.0,16.3777,0.243,0.00047419,0.6408,2.144,7.4883,0.088,0.1267,65.59,Medium Risk
7.19,0.57,7.2,0.7,0.743,2.89,6.1565,0.0551,2.56e-06,0.4179,2.5244,14.4149,0.1691,0.0293,10.41,Low Risk
22.57,0.752,17.6,0.76,0.449,2.3,14.2169,0.2003,0.00041329,0.5353,2.0691,25.3214,0.1099,0.0999,49.06,Medium Risk
5.39,0.64,10.35,0.66,0.735,2.76,6.1604,0.0365,1.55e-06,0.2361,3.4509,8.4981,0.1964,0.0305,11.74,Low Risk
10.71,0.521,8.29,0.75,0.829,2.67,5.5425,0.0203,1.18e-06,0.1598,2.7559,15.9007,0.1184,0.0397,14.67,Low Risk
16.31,0.855,18.16,0.84,0.771,1.69,13.8996,0.2418,0.00026353,2.0989,1.5097,22.2305,0.0286,0.1738,45.38,Medium Risk
38.01,1.528,30.4,1.57,0.213,1.24,22.5581,0.3542,3.336e-05,3.2626,0.8853,0.8937,-0.0617,0.2715,100.0,High Risk
7.25,0.595,7.2,0.79,0.83,2.92,6.0978,0.0334,3.19e-06,0.1955,2.8929,18.2109,0.18,0.0312,12.89,Low Risk
38.42,1.504,31.12,1.54,0.013,1.32,19.6836,0.4744,3.661e-05,2.9381,0.6083,2.1181,-0.085,0.2077,100.0,High Risk
22.58,0.895,16.34,0.67,0.149,3.0,11.9053,0.2019,0.00020114,0.2929,1.7825,9.0819,0.017,1.0554,54.57,Medium Risk
35.53,1.349,37.11,1.44,0.273,1.03,19.9443,0.2514,2.571e-05,2.7549,1.0357,0.5119,-0.0971,0.1534,100.0,High Risk
12.29,0.696,15.23,0.68,0.77,1.79,10.5292,0.1974,0.00028053,1.5355,2.0738,18.7008,0.0424,0.2373,27.75,Low Risk
36.03,1.556,35.85,1.25,0.103,1.21,20.7272,0.4867,3.982e-05,1.6955,1.0172,1.988,-0.0669,0.2538,99.33,High Risk
8.23,0.516,10.23,0.73,0.805,2.51,5.7661,0.0629,3.29e-06,0.2104,2.4654,17.1105,0.0805,0.0177,10.97,Low Risk
32.61,1.328,35.35,1.38,0.043,1.21,31.3807,0.3977,3.451e-05,3.0026,0.5484,0.662,0.0055,0.3473,100.0,High Risk
6.84,0.704,6.69,0.61,0.859,2.83,3.5694,0.0489,3.8e-06,0.3981,3.5137,16.0861,0.1026,0.0134,15.16,Low Risk
17.63,0.782,21.61,0.96,0.46,1.63,12.942,0.1938,0.00029508,2.7678,1.8571,84.7823,0.0529,0.2488,46.74,Medium Risk
15.96,0.858,16.66,0.72,0.756,2.52,11.818,0.2059,0.00030285,1.4494,1.7547,14.3549,0.0315,0.5026,42.79,Medium Risk
36.39,1.58,29.05,1.51,0.299,1.08,26.5714,0.2599,5.99e-05,2.5303,1.0602,1.5779,-0.0448,0.2162,99.62,High Risk
17.83,0.885,18.06,0.79,0.765,2.02,14.1136,0.2373,0.00032279,2.109,1.4021,13.6316,0.0473,0.1021,48.69,Medium Risk
33.45,1.43,37.5,1.48,0.135,1.14,23.3926,0.4732,6.437e-05,1.6671,0.6704,0.7702,-0.0964,0.1786,100.0,High Risk
19.95,1.061,19.67,0.86,0.644,2.69,15.8525,0.242,0.00025111,0.6567,1.7116,9.2539,0.0331,0.5339,62.31,Medium Risk
30.99,1.22,34.75,1.29,0.01,1.09,34.6679,0.4288,2.808e-05,1.9511,0.599,1.0328,-0.0696,0.2872,95.92,High Risk
6.4,0.609,5.56,0.65,0.879,2.85,4.1402,0.0452,2.43e-06,0.1582,3.5289,13.4813,0.0961,0.0304,9.75,Low Risk
34.38,1.623,31.99,1.55,0.175,1.26,29.1133,0.396,3.937e-05,2.1775,1.0255,0.6939,-0.0029,0.2933,100.0,High Risk
21.48,1.014,23.76,1.08,0.386,1.26,14.9755,0.258,0.00043485,3.0103,1.7627,69.7222,-0.0038,0.2706,66.87,High Risk
18.09,0.92,17.19,0.78,0.703,1.51,12.9962,0.293,0.00057663,1.1184,2.2165,11.9448,0.005,0.2386,50.26,Medium Risk
24.0,0.927,24.06,1.11,0.0,1.0,14.7424,0.2319,0.00030105,3.979,1.84,93.08,-0.0012,0.2986,67.04,High Risk
21.76,1.315,17.35,1.08,0.0,3.0,11.5299,0.1318,0.00014049,0.672,1.7995,20.0273,0.0248,0.0189,79.06,High Risk
18.73,0.932,16.85,0.78,0.624,1.18,13.926,0.2921,0.00050135,1.5479,2.1319,21.1181,0.0176,0.1045,51.84,Medium Risk
25.47,1.231,22.12,1.02,0.492,2.34,18.9007,0.2786,0.00032059,0.6311,1.6025,9.0561,0.0392,0.0882,82.6,High Risk
16.71,1.087,16.09,0.91,0.568,2.43,11.3888,0.1717,0.00023831,1.3183,2.0065,20.0947,0.0289,0.044,57.66,Medium Risk
9.0,0.651,9.03,0.53,0.874,2.76,6.6584,0.0754,2.05e-06,0.1824,3.2839,8.017,0.1014,0.0363,16.01,Low Risk
33.03,1.679,30.09,1.27,0.11,1.12,20.2625,0.4004,4.291e-05,1.8416,0.747,1.4249,-0.037,0.2035,99.64,High Risk
13.17,0.659,15.49,0.71,0.721,1.54,11.5664,0.2328,0.00026318,1.3151,3.3048,27.4707,0.0373,0.2663,27.79,Low Risk
29.67,1.519,32.23,1.21,0.111,1.05,26.7632,0.2895,3.755e-05,2.8824,0.7888,1.7642,-0.0224,0.3456,98.33,High Risk
15.16,0.826,17.48,0.85,0.782,2.03,12.8543,0.1936,0.00047411,1.0296,1.7745,16.3981,0.0722,0.0847,41.97,Medium Risk
31.11,1.626,34.96,1.57,0.159,1.14,18.4215,0.3342,5.462e-05,3.088,0.5565,0.8258,-0.0025,0.2362,100.0,High Risk
8.97,0.645,8.57,0.79,0.821,2.59,3.5619,0.0526,1.39e-06,0.2093,3.3296,18.8286,0.1958,0.0163,18.63,Low Risk
11.14,0.758,8.69,0.73,0.711,2.95,3.0311,0.0427,4.54e-06,0.2577,3.3306,10.617,0.1919,0.0249,27.1,Low Risk
32.84,1.539,31.17,1.22,0.135,1.23,34.546,0.4116,2.664e-05,2.5899,1.0462,0.7196,-0.0724,0.2459,99.01,High Risk
11.04,0.606,15.44,0.68,0.75,2.34,10.3679,0.1638,0.00024615,0.5806,2.7658,43.2316,0.0734,0.1657,21.36,Low Risk
9.82,0.565,11.03,0.8,0.703,2.88,4.554,0.0359,4.78e-06,0.3339,2.0637,8.2563,0.1064,0.0261,17.1,Low Risk
18.05,1.043,21.39,1.1,0.66,2.39,14.6228,0.1856,0.00033499,1.6374,1.7853,39.1142,0.0241,0.1246,62.11,Medium Risk
6.52,0.665,7.2,0.51,0.799,2.56,3.1946,0.0618,4.78e-06,0.2544,3.7242,15.3917,0.1723,0.0358,11.74,Low Risk
29.54,1.312,32.26,1.24,0.175,1.11,20.4016,0.3218,4.789e-05,2.9811,1.0607,1.1259,-0.0177,0.2025,98.49,High Risk
14.11,0.715,18.27,0.93,0.547,1.52,10.8871,0.1766,0.00019138,1.0203,1.6694,18.3171,0.0504,0.1169,36.03,Medium Risk
6.42,0.534,10.54,0.7,0.829,2.74,7.1524,0.0789,2.25e-06,0.2547,3.2828,14.734,0.1903,0.0115,8.69,Low Risk
38.18,1.253,32.63,1.57,0.127,1.04,19.9657,0.3658,3.776e-05,1.9856,0.6067,1.0204,-0.0039,0.1604,97.64,High Risk
9.51,0.755,8.63,0.56,0.731,2.77,5.4045,0.0472,2.43e-06,0.1004,3.7058,8.0219,0.1906,0.0337,22.13,Low Risk
20.31,0.792,17.37,1.08,0.059,2.0,12.5939,0.2093,0.00042482,0.7442,1.7624,19.591,0.0195,0.0673,51.24,Medium Risk
19.66,0.854,22.02,1.02,0.391,1.14,13.7682,0.2278,0.00027014,4.6381,2.2742,82.4102,0.0199,0.2598,54.43,Medium Risk
28.23,1.631,28.74,1.48,0.104,1.03,18.0138,0.3947,3.258e-05,2.668,0.824,2.2973,-0.0519,0.2016,96.67,High Risk
32.95,1.719,35.31,1.52,0.091,1.1,25.8779,0.4595,7.533e-05,1.7759,0.866,1.458,-0.0024,0.25,100.0,High Risk
39.61,1.792,35.7,1.52,0.288,1.28,34.4875,0.4246,4.724e-05,3.7255,0.5756,2.4378,-0.0502,0.2676,100.0,High Risk
16.51,1.051,18.05,0.92,0.758,2.28,14.476,0.2178,0.00028748,0.6743,2.0411,14.4022,0.0377,0.1542,56.45,Medium Risk
26.78,1.154,23.64,1.08,0.405,2.98,18.665,0.2308,0.00019978,0.6966,3.3064,29.2077,0.0668,0.0969,82.23,High Risk
36.28,1.513,28.13,1.5,0.241,1.39,27.3475,0.3647,2.746e-05,1.9943,1.0529,1.0637,-0.0183,0.307,99.25,High Risk
8.11,0.739,6.0,0.58,0.867,2.91,5.7194,0.0399,2.67e-06,0.2997,2.319,14.2125,0.117,0.0172,18.31,Low Risk
14.27,0.673,19.49,0.87,0.581,1.26,11.1715,0.1796,0.00016642,1.8465,1.654,38.2493,0.0474,0.176,33.97,Medium Risk
33.32,1.772,33.08,1.56,0.138,1.4,19.8718,0.2858,5.755e-05,1.7655,0.5746,1.3552,-0.0558,0.1996,100.0,High Risk
12.42,0.811,15.14,0.77,0.812,2.04,10.2719,0.1695,0.00035416,1.4851,2.3793,34.555,0.0618,0.0539,34.88,Medium Risk
23.23,1.254,21.72,1.01,0.511,2.13,15.5786,0.2965,0.00065596,0.3939,1.5854,7.0633,0.001,0.1485,79.87,High Risk
13.41,0.838,17.08,0.87,0.768,2.75,11.432,0.1393,0.00036392,0.5098,1.7416,17.3871,0.0545,0.1852,39.81,Medium Risk
11.56,0.743,7.52,0.6,0.818,3.0,5.6912,0.0467,3.72e-06,0.2272,2.2536,10.8453,0.1162,0.0227,24.89,Low Risk
9.68,0.566,11.7,0.75,0.846,2.76,4.0958,0.0511,3.04e-06,0.2254,2.6801,11.6942,0.1871,0.0374,16.58,Low Risk
11.4,0.615,10.98,0.77,0.896,2.7,4.301,0.0778,1.93e-06,0.4333,2.3518,13.7752,0.1265,0.0359,21.71,Low Risk
10.63,0.552,14.05,0.61,0.623,2.64,8.5736,0.1151,0.00026368,0.6557,2.0068,40.2053,0.0943,0.0411,16.56,Low Risk
8.95,0.596,5.13,0.57,0.764,2.74,7.2255,0.0511,4e-06,0.4772,3.7642,14.2589,0.1865,0.037,12.05,Low Risk
5.59,0.708,10.37,0.73,0.783,2.66,6.1144,0.0602,4.47e-06,0.3599,2.3149,16.6081,0.1162,0.0169,16.38,Low Risk
11.45,0.56,8.08,0.74,0.783,2.62,6.3764,0.0362,3.9e-06,0.349,3.5311,17.5633,0.1973,0.0253,17.59,Low Risk
36.7,1.711,39.88,1.57,0.228,1.36,32.0204,0.3386,3.976e-05,1.8417,0.9673,2.0315,-0.0802,0.2621,100.0,High Risk
7.56,0.567,9.01,0.67,0.73,2.53,6.2908,0.0455,3.5e-06,0.4741,3.2033,15.0332,0.1383,0.0382,11.18,Low Risk
6.04,0.685,5.46,0.62,0.824,2.96,4.7362,0.0352,4.16e-06,0.2188,3.7898,8.6433,0.1942,0.0272,12.53,Low Risk
11.12,0.792,9.34,0.6,0.817,2.65,5.028,0.0717,2.59e-06,0.4274,2.9049,16.1538,0.156,0.0255,27.38,Low Risk
6.01,0.632,6.3,0.75,0.712,2.97,3.0453,0.0517,3.33e-06,0.1303,3.4994,13.8476,0.172,0.0328,11.87,Low Risk
15.38,0.858,19.31,0.95,0.633,1.43,12.4228,0.2012,0.00021905,3.2562,2.4802,77.6352,0.0205,0.1637,45.9,Medium Risk
39.54,1.427,36.16,1.5,0.057,1.06,19.5465,0.3655,6.736e-05,2.2392,0.6366,1.6745,-0.0434,0.297,100.0,High Risk
30.46,1.505,34.94,1.34,0.059,1.46,21.6328,0.3681,3.775e-05,3.2983,0.8876,1.8139,-0.0852,0.2883,100.0,High Risk
14.14,0.868,18.29,0.95,0.745,2.4,11.9041,0.1647,0.00043754,1.0243,1.5503,18.471,0.0586,0.0454,43.93,Medium Risk
5.32,0.641,6.7,0.53,0.892,2.57,7.8539,0.0311,2.8e-06,0.4271,3.3427,14.0207,0.1412,0.03,8.56,Low Risk
30.68,1.719,31.49,1.46,0.284,1.14,32.0341,0.3349,3.537e-05,1.5834,0.6056,2.2221,0.0172,0.3851,100.0,High Risk
8.52,0.68,10.85,0.51,0.839,2.75,5.6147,0.0674,3.97e-06,0.2767,2.9281,18.6951,0.1379,0.0252,17.09,Low Risk
30.59,1.562,28.17,1.29,0.055,1.22,33.436,0.4394,3.942e-05,3.4986,0.5257,0.8114,-0.0394,0.2283,99.16,High Risk
33.6,1.485,33.1,1.53,0.141,1.23,26.682,0.5038,7.599e-05,3.3439,1.0372,1.0979,-0.0509,0.2016,100.0,High Risk
14.71,0.884,20.15,0.95,0.816,2.69,13.439,0.1934,0.00034413,0.5536,3.3234,45.916,0.0785,0.0932,46.39,Medium Risk
31.46,1.635,33.71,1.27,0.168,1.24,33.1155,0.267,7.557e-05,2.7685,1.0562,1.2448,-0.0752,0.3168,99.62,High Risk
8.02,0.585,8.93,0.74,0.83,2.75,7.241,0.048,3.33e-06,0.2676,2.8652,12.2406,0.1591,0.026,13.68,Low Risk
28.1,1.756,33.8,1.56,0.057,1.08,33.1713,0.3602,4.724e-05,3.7545,0.612,2.0757,-0.0809,0.3436,96.96,High Risk
36.73,1.32,30.93,1.24,0.024,1.22,32.4438,0.3431,6.931e-05,1.566,0.6673,0.6015,-0.0598,0.2014,99.27,High Risk
6.64,0.538,10.19,0.58,0.797,2.73,4.104,0.0347,4.8e-06,0.341,3.749,15.4338,0.1755,0.0397,7.6,Low Risk
36.41,1.358,37.97,1.5,0.103,1.36,25.3497,0.5388,2.052e-05,1.5674,1.0465,1.0338,-0.0433,0.3066,100.0,High Risk
7.26,0.705,10.89,0.77,0.759,2.91,7.2432,0.0775,1.57e-06,0.2195,2.3226,17.6959,0.1271,0.0248,19.57,Low Risk
16.49,0.902,16.63,0.74,0.787,1.48,14.1791,0.2933,0.0003434,1.8644,1.6264,9.8987,0.0186,0.2882,46.08,Medium Risk
16.28,1.057,17.85,1.04,0.763,2.48,11.6995,0.1476,0.00028792,1.5278,2.0183,38.8211,0.0214,0.0669,57.74,Medium Risk
23.7,0.857,16.19,0.64,0.036,2.96,11.8488,0.209,0.00020125,0.3006,1.8079,8.4361,0.0168,1.1271,53.94,Medium Risk
29.36,1.639,31.77,1.47,0.106,1.01,25.9651,0.388,5.63e-05,1.6558,0.9759,2.0517,-0.043,0.1574,98.97,High Risk
12.55,0.647,17.01,0.85,0.677,1.41,10.3406,0.1842,0.00021965,2.8752,1.7022,21.6653,0.0569,0.1237,28.65,Low Risk
23.44,1.068,20.06,0.93,0.523,2.62,16.248,0.2213,0.00028738,0.8671,1.9933,14.62,0.0494,0.0837,69.28,High Risk
19.48,0.984,20.07,0.93,0.693,1.84,15.3841,0.2445,0.00033695,2.1328,2.3279,39.4901,0.0338,0.1416,58.81,Medium Risk
26.62,1.265,22.17,1.01,0.232,2.13,15.1811,0.3051,0.00074183,0.3227,1.5782,5.8168,-0.0068,0.1699,86.11,High Risk
7.96,0.629,7.78,0.74,0.731,2.74,6.2423,0.0536,4.46e-06,0.4763,2.4307,14.5603,0.1045,0.0303,15.25,Low Risk
12.62,0.663,15.54,0.66,0.653,2.48,9.6174,0.1406,0.00014592,0.5289,1.6601,16.7568,0.0475,0.4064,26.62,Low Risk
29.38,1.261,22.92,1.0,0.0,2.0,15.6353,0.3318,0.00081353,0.2686,1.544,3.6173,-0.0111,0.1914,90.48,High Risk
10.07,0.705,10.16,0.51,0.854,2.93,5.2686,0.0557,3.06e-06,0.1555,2.7873,12.1255,0.1776,0.0151,20.61,Low Risk
39.16,1.206,30.4,1.36,0.208,1.24,22.4966,0.4261,4.507e-05,1.6053,0.8576,0.5174,-0.0362,0.2914,95.32,High Risk
34.71,1.594,35.25,1.39,0.094,1.06,25.2661,0.4688,2.466e-05,3.314,0.5871,1.3858,-0.0816,0.2416,100.0,High Risk
21.05,0.941,18.73,0.82,0.554,1.18,15.4539,0.2957,0.00040912,0.8078,1.5944,9.9746,0.0374,0.1095,57.27,Medium Risk
19.87,0.688,12.82,0.61,0.0,1.0,12.3729,0.3068,0.00039083,0.425,2.698,8.3767,-0.0089,0.443,37.65,Medium Risk
14.22,0.698,17.36,0.8,0.608,1.15,11.1933,0.2111,0.00029236,5.9408,1.748,51.3397,0.065,0.1782,33.37,Medium Risk
12.83,0.61,13.25,0.6,0.096,2.9,8.1758,0.0857,0.00016063,0.3043,1.6087,22.1161,0.0542,0.0173,22.52,Low Risk
7.73,0.526,7.21,0.65,0.732,3.0,5.9664,0.0784,1.31e-06,0.2827,2.4889,9.1958,0.1865,0.0392,8.47,Low Risk
36.32,1.221,29.73,1.47,0.144,1.47,34.4567,0.4942,3.61e-05,2.1358,0.5181,2.116,-0.0578,0.2186,95.96,High Risk
33.53,1.3,24.06,1.11,0.0,3.0,20.1914,0.2465,0.00023797,0.5221,1.71,9.1682,0.0542,0.0923,95.29,High Risk
34.04,1.233,33.55,1.28,0.035,1.43,23.1157,0.4233,2.963e-05,2.8257,0.9896,0.8792,-0.0538,0.1665,96.36,High Risk
37.45,1.232,29.54,1.35,0.08,1.16,21.4116,0.5225,7.447e-05,1.9259,0.6641,2.326,-0.0063,0.1676,96.44,High Risk
9.46,0.782,8.57,0.78,0.822,2.93,4.9751,0.0269,1.24e-06,0.1742,2.2211,13.0236,0.1041,0.033,26.21,Low Risk
14.17,0.766,17.6,0.79,0.801,1.52,12.4981,0.2184,0.00030788,3.1027,1.7423,38.3815,0.0577,0.1049,36.68,Medium Risk
7.51,0.502,8.66,0.75,0.749,2.63,5.8735,0.0385,2.82e-06,0.4602,3.5301,14.2262,0.1101,0.0113,8.78,Low Risk
39.09,1.69,35.82,1.22,0.201,1.3,24.7067,0.285,7.391e-05,2.6335,0.7483,2.3079,-0.0258,0.3506,99.04,High Risk
11.9,0.762,9.1,0.7,0.736,2.61,5.5528,0.0395,1.23e-06,0.1956,3.8865,17.8686,0.1051,0.0163,28.28,Low Risk
16.99,0.903,17.13,0.82,0.654,1.82,14.7058,0.264,0.00033538,0.6588,2.1103,10.3438,0.0249,0.2573,48.14,Medium Risk
33.85,1.535,30.95,1.42,0.202,1.13,22.7339,0.3395,5.662e-05,3.2797,1.0408,1.9626,0.0005,0.1708,100.0,High Risk
34.38,1.281,29.37,1.29,0.114,1.48,27.3016,0.2581,6.056e-05,3.7722,1.0454,2.0075,-0.0655,0.3837,98.68,High Risk
35.06,1.708,32.09,1.54,0.216,1.21,22.7503,0.3798,2.024e-05,3.8914,0.5816,1.0496,-0.0043,0.1876,100.0,High Risk
33.53,1.3,24.06,1.11,0.0,3.0,20.1914,0.2465,0.00023797,0.5222,1.71,9.1682,0.0542,0.0923,95.29,High Risk
10.43,0.64,10.35,0.61,0.84,2.93,4.0834,0.0459,3.96e-06,0.3091,3.8928,11.5485,0.1095,0.0257,19.16,Low Risk
23.88,1.295,17.35,1.08,0.0,3.0,12.2469,0.1329,0.00027858,0.672,1.7995,20.0273,0.0212,0.031,82.2,High Risk
35.78,1.238,34.68,1.3,0.063,1.16,26.9181,0.4845,5.2e-05,2.0563,0.8348,1.1808,-0.0172,0.2779,96.86,High Risk
34.43,1.629,36.06,1.54,0.251,1.18,34.4233,0.3565,4.484e-05,3.2294,1.0548,1.4064,-0.0034,0.3834,100.0,High Risk
8.86,0.659,11.43,0.58,0.773,2.9,7.9075,0.0738,1.57e-06,0.3194,3.0936,8.24,0.1503,0.0124,17.67,Low Risk
9.91,0.613,10.85,0.55,0.86,2.7,6.4866,0.0223,1.14e-06,0.479,2.5952,12.8789,0.1038,0.0271,16.45,Low Risk
10.48,0.55,8.18,0.63,0.883,2.96,3.9732,0.0768,3.21e-06,0.1959,2.7991,15.2492,0.1015,0.0398,14.23,Low Risk
6.39,0.743,7.04,0.62,0.803,2.79,6.6529,0.0431,4.41e-06,0.1246,3.3552,10.056,0.1092,0.0174,16.65,Low Risk
7.11,0.774,6.18,0.66,0.803,2.76,4.9368,0.0746,2.83e-06,0.3119,3.8075,17.4406,0.181,0.0371,19.53,Low Risk
7.19,0.714,10.26,0.78,0.809,2.73,3.2099,0.0607,1.05e-06,0.19,2.3412,16.8756,0.1277,0.0286,19.8,Low Risk
15.62,0.772,17.79,0.78,0.649,1.88,12.3554,0.1977,0.00036009,2.4861,1.0972,16.9159,0.0929,0.0592,39.21,Medium Risk
5.29,0.694,5.64,0.51,0.74,2.75,7.3658,0.0617,2.73e-06,0.4887,2.5887,8.5171,0.1663,0.0298,10.59,Low Risk
18.21,0.803,14.96,0.62,0.469,2.25,11.332,0.2297,0.00033785,1.108,2.3367,14.729,0.0206,0.7592,41.83,Medium Risk
29.35,1.314,35.25,1.35,0.179,1.4,32.8323,0.4314,5.411e-05,3.6143,0.8118,2.3459,-0.008,0.3416,98.96,High Risk
11.74,0.747,5.05,0.53,0.716,2.75,4.9194,0.0705,3.14e-06,0.1795,2.7027,10.0292,0.1607,0.0341,23.62,Low Risk
8.19,0.525,10.15,0.52,0.872,2.9,5.8207,0.0796,2.33e-06,0.416,3.3404,9.9013,0.1588,0.0112,8.66,Low Risk
38.01,1.434,28.2,1.39,0.067,1.14,29.7194,0.4641,6.894e-05,3.9847,0.8495,1.4802,-0.0828,0.3811,99.28,High Risk
28.17,1.386,32.09,1.44,0.038,1.04,28.4835,0.4586,2.233e-05,2.0029,1.0927,1.161,-0.0545,0.1586,97.08,High Risk
11.59,0.717,6.85,0.51,0.73,2.8,5.6204,0.0455,3.67e-06,0.3705,3.5417,19.9439,0.1497,0.0294,22.3,Low Risk
13.5,0.752,16.45,0.75,0.748,2.01,12.3205,0.2162,0.00031803,1.8485,1.8501,29.4235,0.07,0.0701,33.9,Medium Risk
28.64,1.66,28.79,1.41,0.255,1.27,20.1116,0.4298,2.042e-05,3.2282,1.0463,2.094,-0.0253,0.2794,97.34,High Risk
32.57,1.727,34.64,1.36,0.255,1.25,29.3018,0.5289,4.794e-05,2.7897,0.9995,2.0385,-0.0833,0.2894,100.0,High Risk
12.13,0.568,12.94,0.59,0.191,2.79,7.8596,0.085,0.00014271,0.6709,1.8422,30.1017,0.0557,0.0169,19.05,Low Risk
33.56,1.513,33.65,1.55,0.035,1.02,28.5771,0.4021,7.671e-05,2.3782,0.8232,1.8307,-0.0274,0.3009,100.0,High Risk
28.83,1.107,18.87,0.83,0.0,1.0,17.078,0.3546,0.0005001,0.7032,1.434,8.1899,0.011,0.0869,78.17,High Risk
16.46,0.825,17.29,0.96,0.619,2.28,12.7752,0.2014,0.00040189,0.6,1.8512,16.1001,0.0297,0.2463,45.31,Medium Risk
32.97,1.529,33.29,1.4,0.113,1.23,34.7676,0.3662,6.62e-05,2.7681,0.5915,2.0854,-0.0255,0.3168,100.0,High Risk
9.82,0.713,6.95,0.61,0.728,2.57,6.7719,0.0465,3.95e-06,0.3793,2.7013,17.3687,0.092,0.0135,20.5,Low Risk
29.39,1.498,38.43,1.58,0.141,1.09,25.9453,0.4925,5.49e-05,3.6687,1.0836,1.7869,0.0034,0.3872,99.02,High Risk
36.8,1.463,31.25,1.33,0.224,1.19,31.7576,0.4339,3.076e-05,2.841,1.0565,2.0717,-0.0614,0.2875,100.0,High Risk
30.56,1.634,32.96,1.46,0.255,1.26,22.0194,0.3098,3.545e-05,2.1005,0.5017,1.2047,0.0001,0.2636,100.0,High Risk
8.68,0.608,5.39,0.71,0.749,2.87,7.8715,0.0313,1.46e-06,0.4088,3.5099,17.2751,0.0912,0.0264,13.99,Low Risk
15.32,0.59,16.25,0.64,0.479,3.0,9.9284,0.1406,0.00024137,0.2332,1.863,48.8449,0.1202,0.4792,27.21,Low Risk
10.7,0.605,14.77,0.69,0.758,2.58,9.4532,0.1336,0.00022516,0.7821,1.9883,39.0405,0.0694,0.1831,20.65,Low Risk
29.67,1.392,38.1,1.34,0.175,1.34,27.6275,0.3335,4.203e-05,3.0958,0.8363,0.8073,-0.0925,0.2679,99.48,High Risk
31.29,1.362,38.2,1.41,0.046,1.36,25.1962,0.471,2.717e-05,2.2717,0.8735,1.4953,-0.0477,0.2597,100.0,High Risk
8.68,0.683,6.4,0.76,0.828,2.69,4.5571,0.0262,1.28e-06,0.1603,3.4647,14.5674,0.1651,0.0337,18.81,Low Risk
9.82,0.508,8.88,0.64,0.893,2.71,5.6688,0.0552,4.38e-06,0.1935,3.7321,12.9873,0.1355,0.0295,11.36,Low Risk
9.56,0.632,9.66,0.63,0.884,2.71,7.4751,0.0362,3.91e-06,0.1307,3.7681,10.2304,0.088,0.0298,17.37,Low Risk
17.09,0.605,18.11,0.79,0.0,2.0,10.0939,0.1122,0.00058247,0.4448,1.32,25.258,0.1639,0.0241,33.44,Medium Risk
36.78,1.32,33.74,1.22,0.29,1.14,18.7251,0.4263,4.444e-05,2.8849,0.6557,1.3959,-0.0444,0.1954,98.95,High Risk
10.7,0.527,11.93,0.59,0.772,2.69,4.8525,0.0575,2.07e-06,0.1397,3.5325,16.7805,0.1164,0.0332,14.39,Low Risk
26.31,0.925,18.12,0.79,0.022,1.99,15.1431,0.2575,0.00010306,3.0343,0.5818,5.6108,0.0398,0.0481,64.2,Medium Risk
9.26,0.654,11.82,0.53,0.799,2.99,7.1032,0.0351,4.09e-06,0.3188,3.1046,15.4323,0.195,0.0124,17.57,Low Risk
11.68,0.731,7.24,0.79,0.842,2.75,6.852,0.0582,3.94e-06,0.15,2.8619,14.0138,0.1434,0.0101,26.75,Low Risk
16.94,0.944,20.32,0.97,0.751,1.38,13.7153,0.2289,0.00030578,1.9296,1.6743,41.3203,0.0219,0.1635,53.35,Medium Risk
7.41,0.729,11.04,0.72,0.736,2.52,6.693,0.0649,1.39e-06,0.3053,2.6761,11.7905,0.1234,0.0331,20.54,Low Risk
11.92,0.613,15.05,0.65,0.747,2.37,10.4382,0.1563,0.00034055,0.8149,2.1487,35.8739,0.0966,0.0666,22.6,Low Risk
31.56,1.5,38.22,1.37,0.086,1.45,34.4394,0.4676,6.585e-05,2.8513,0.6303,0.7977,-0.0077,0.1902,100.0,High Risk
10.27,0.762,9.83,0.75,0.897,2.9,4.4794,0.0529,2.25e-06,0.3793,2.6169,17.6493,0.1966,0.0118,26.57,Low Risk
16.32,0.727,19.37,0.9,0.486,1.0,12.4301,0.2181,0.00023585,3.9506,2.6217,92.0361,0.0197,0.1929,40.24,Medium Risk
12.5,0.774,14.82,0.76,0.712,1.68,10.7253,0.195,0.00014726,3.8291,2.3864,48.4724,0.0463,0.0571,32.89,Low Risk
12.11,0.747,16.46,0.87,0.811,2.02,10.9818,0.1651,0.00033266,1.7214,2.0356,37.1311,0.0599,0.0365,32.9,Low Risk
30.25,1.352,28.19,1.42,0.285,1.03,30.0014,0.3521,7.643e-05,1.6299,0.9601,1.055,-0.0424,0.1595,99.28,High Risk
34.11,1.691,37.18,1.37,0.137,1.03,29.8574,0.527,2.452e-05,2.3357,0.9214,0.9045,-0.0168,0.1943,100.0,High Risk
38.33,1.377,38.27,1.34,0.161,1.22,29.7162,0.2939,4.736e-05,3.4624,0.8519,2.334,0.0061,0.2806,100.0,High Risk
12.71,0.713,16.16,0.84,0.769,1.84,11.4225,0.2059,0.00030465,0.636,1.9438,18.2911,0.0316,0.2606,31.65,Low Risk
37.53,1.503,31.73,1.24,0.043,1.49,34.7137,0.3507,6.5e-05,3.845,0.5193,1.8225,-0.0721,0.3027,99.26,High Risk
14.09,0.7,18.61,0.83,0.602,2.21,11.5716,0.1559,0.00044644,0.5397,2.4816,31.8258,0.1175,0.1767,34.09,Medium Risk
5.7,0.771,10.62,0.77,0.874,2.5,5.6845,0.0541,1.15e-06,0.3563,3.4586,10.4302,0.1249,0.0155,20.29,Low Risk
30.83,1.326,31.26,1.54,0.182,1.22,22.4247,0.4021,6.735e-05,3.3093,0.7847,1.9855,-0.0424,0.2735,100.0,High Risk
31.3,1.476,31.64,1.6,0.186,1.49,29.8905,0.2522,7.021e-05,2.3549,1.0941,1.0758,-0.0962,0.2082,100.0,High Risk
21.08,1.123,20.76,1.1,0.5,3.0,15.3615,0.1767,0.00033415,0.5959,1.7541,14.5149,0.0379,0.0543,70.67,High Risk
35.77,1.711,31.12,1.24,0.044,1.08,27.2737,0.3398,6.297e-05,2.1774,0.6143,0.6402,-0.0129,0.2984,99.24,High Risk
8.31,0.657,7.65,0.5,0.739,2.99,7.8403,0.0761,2.74e-06,0.1988,3.2245,18.6248,0.1813,0.0264,14.26,Low Risk
5.06,0.687,9.44,0.65,0.886,2.56,3.5071,0.0513,2.97e-06,0.2401,2.8877,16.2592,0.1004,0.0105,13.15,Low Risk
28.8,1.34,31.48,1.37,0.001,1.32,25.8082,0.4585,3.701e-05,2.5109,0.9628,1.6038,0.0045,0.352,98.08,High Risk
29.26,1.579,32.16,1.34,0.03,1.04,19.8084,0.3644,3.558e-05,3.5421,1.0937,1.4877,0.015,0.3384,98.81,High Risk
36.25,1.43,36.54,1.25,0.092,1.18,26.6185,0.3094,3.891e-05,3.8467,0.5709,1.3522,-0.065,0.2373,99.41,High Risk
27.74,0.839,17.85,0.77,0.241,2.14,15.7461,0.2381,0.00043492,0.5873,2.0931,7.5763,0.0779,0.2696,61.81,Medium Risk
26.15,1.166,21.61,0.99,0.432,2.67,18.1271,0.2541,0.0002706,0.4769,1.8617,8.8188,0.0396,0.2459,79.9,High Risk
22.16,0.871,17.38,0.75,0.532,2.43,14.4279,0.2237,0.00035116,0.5005,1.9894,8.4267,0.0578,0.5003,54.06,Medium Risk
11.52,0.799,9.33,0.72,0.755,2.73,6.8925,0.0568,2.43e-06,0.1522,3.2137,18.578,0.1095,0.0293,29.81,Low Risk
39.24,1.737,28.42,1.2,0.12,1.4,30.983,0.3614,7.98e-05,2.3337,0.7951,2.3777,0.0168,0.1546,98.13,High Risk
8.33,0.7,10.26,0.6,0.721,2.73,7.4646,0.0258,1.18e-06,0.3801,3.235,14.8645,0.1225,0.0241,18.68,Low Risk
16.84,0.934,18.75,0.87,0.766,1.32,13.6255,0.254,0.00037015,1.2852,1.712,22.5337,0.0336,0.118,50.79,Medium Risk
19.87,0.688,12.82,0.61,0.0,1.0,12.3729,0.3068,0.00039083,0.425,2.698,8.3767,-0.0089,0.443,37.65,Medium Risk
16.91,0.555,18.87,0.83,0.0,1.0,10.0262,0.1722,9.371e-05,1.2492,1.584,17.1936,0.0698,0.1594,31.5,Low Risk
5.98,0.565,11.71,0.56,0.759,2.58,4.7302,0.0725,2.52e-06,0.3012,2.0962,12.9071,0.0943,0.0397,8.22,Low Risk
8.91,0.696,10.55,0.56,0.744,2.87,4.1141,0.0776,2.99e-06,0.4621,2.5139,11.669,0.1285,0.0239,18.99,Low Risk
9.56,0.671,5.33,0.62,0.704,2.83,7.6784,0.0697,1.7e-06,0.1699,3.4449,11.5137,0.1416,0.0268,17.47,Low Risk
6.77,0.708,8.14,0.77,0.763,2.69,5.9858,0.0416,4.19e-06,0.1834,3.3486,15.814,0.1906,0.035,17.85,Low Risk
34.36,1.64,29.73,1.26,0.229,1.41,32.0496,0.3703,6.234e-05,2.3804,0.7683,1.9138,-0.0601,0.2134,99.4,High Risk
35.47,1.443,29.64,1.44,0.184,1.1,27.1519,0.5262,2.797e-05,3.9347,1.0355,0.6329,-0.0483,0.2177,99.86,High Risk
9.52,0.6,5.7,0.78,0.873,2.57,7.4892,0.0777,1.96e-06,0.4137,2.9693,9.4561,0.0901,0.0379,16.04,Low Risk
